Title,Url,Publication Year,latitude,longitude,location
Landscape photo of mountain alps photo – Free Nature Image on Unsplash,https://unsplash.com/photos/landscape-photo-of-mountain-alps-vddccTqwal8?utm_source=Start&utm_medium=referral&utm_campaign=api-credit,,,,"Bunderspitz, Adelboden, Switzerland"
Photo by Luca Bravo on Unsplash,https://unsplash.com/photos/green-grass-on-mountain-near-sea-3Z70SDuYs5g,2015.0,,,"Maui, Hawaii"
Photography of five assorted-color horses on grass field in front of mountain photo – Free Animal Image on Unsplash,https://unsplash.com/photos/photography-of-five-assorted-color-horses-on-grass-field-in-front-of-mountain-diMBLU4FzDQ?utm_source=Start&utm_medium=referral&utm_campaign=api-credit,,,,Iceland
Photo by Christopher Burns on Unsplash,https://unsplash.com/photos/snow-covered-mountain-during-daytime-Y3PD_9c2xms,2017.0,,,Patagonia
Photo by Samuel Ferrara on Unsplash,https://unsplash.com/photos/aerial-photo-of-foggy-mountains-1527pjeb6jg,2017.0,,,"Weisshorn, Randa, Switzerland"
Top view photography of trees near body of water photo – Free Lake tahoe Image on Unsplash,https://unsplash.com/photos/top-view-photography-of-trees-near-body-of-water-hCrWuFLB3IU?utm_source=Start&utm_medium=referral&utm_campaign=api-credit,,,,"Lake Tahoe, United States"
Snow capped mountain under white clouds in mirror reflection photography photo – Free Nature Image on Unsplash,https://unsplash.com/photos/snow-capped-mountain-under-white-clouds-in-mirror-reflection-photography-SmAiLn-nnJg?utm_source=Start&utm_medium=referral&utm_campaign=api-credit,,,,"Twin Lakes, United States"
Photo by Ferhat Deniz Fors on Unsplash,https://unsplash.com/photos/body-of-water-photo-Ref87M0aSDM,2018.0,,,"Ponza, Italy"
Wooden dock over body of water photo – Free Switzerland Image on Unsplash,https://unsplash.com/photos/wooden-dock-over-body-of-water-ichHy_4EvUY?utm_source=Start&utm_medium=referral&utm_campaign=api-credit,,,,"Crestasee, Switzerland"
montagne du dragon de jade chine - Recherche,https://www.bing.com/spotlight?FORM=M403J9&mkt=fr-fr&q=montagne+du+dragon+de+jade+chine&setlang=fr-fr&spotlightid=JadeDragonSnowMtChina,,,,
Photo by Tanvi Malik on Unsplash,https://unsplash.com/photos/birds-eye-view-of-mountain-and-river-during-daytime-OeC1wIsKNpk,2014.0,,,
Photo by v2osk on Unsplash,https://unsplash.com/photos/gray-and-black-mountain-at-sunset-eKTUtA74uN0,2017.0,,,"Dolomites, Italy"
Photo by Dahee Son on Unsplash,https://unsplash.com/photos/photography-of-house-beside-body-of-water-tV06QVJXVxU,2017.0,,,"Hallstatt, Austria"
Photo by Urban Vintage on Unsplash,https://unsplash.com/photos/scenery-of-mountain-GyALQFQ9cp4,2014.0,,,
Photo by Levi Bare on Unsplash,https://unsplash.com/photos/photo-of-still-body-of-water-5__JKMn5H_c,2017.0,,,
Photo by Megan Sanford on Unsplash,https://unsplash.com/photos/brown-castle-near-green-field-and-brown-trees-g_ssp9teiSA,2017.0,,,"Loch Ness, United Kingdom"
Photo by Ales Krivec on Unsplash,https://unsplash.com/photos/rock-formation-near-forest-rzzeLJW8dWc,2016.0,,,"Triglav National Park, Stara Fužina, Slovenia"
Photo by Austin Neill on Unsplash,https://unsplash.com/photos/people-surfing-on-beach-Z6v4dSNayVg,2016.0,,,"54th Street, Newport Beach, United States"
Photo by Ales Krivec on Unsplash,https://unsplash.com/photos/brown-mountains-at-daytime-N-aTikX-b00,2015.0,,,
Photo by Aleks Dahlberg on Unsplash,https://unsplash.com/photos/landscape-photography-of-grey-mountain-Vvje-a4hI1k,2017.0,,,"Mount Aspiring National Park, South Island, New Zealand"
