Title,Url,Publication Year,location,latitude,longitude
Landscape photo of mountain alps photo ‚Äì Free Nature Image on Unsplash,https://unsplash.com/photos/landscape-photo-of-mountain-alps-vddccTqwal8?utm_source=Start&utm_medium=referral&utm_campaign=api-credit,,"Bunderspitz, Adelboden, Switzerland",46.4924904,7.6203822
Photo by Luca Bravo on Unsplash,https://unsplash.com/photos/green-grass-on-mountain-near-sea-3Z70SDuYs5g,2015.0,"Maui, Hawaii",20.8029568,-156.3106833
Photography of five assorted-color horses on grass field in front of mountain photo ‚Äì Free Animal Image on Unsplash,https://unsplash.com/photos/photography-of-five-assorted-color-horses-on-grass-field-in-front-of-mountain-diMBLU4FzDQ?utm_source=Start&utm_medium=referral&utm_campaign=api-credit,,Iceland,64.9841821,-18.1059013
Photo by Christopher Burns on Unsplash,https://unsplash.com/photos/snow-covered-mountain-during-daytime-Y3PD_9c2xms,2017.0,Patagonia,31.5402016,-110.753927
Photo by Samuel Ferrara on Unsplash,https://unsplash.com/photos/aerial-photo-of-foggy-mountains-1527pjeb6jg,2017.0,"Weisshorn, Randa, Switzerland",46.1012342,7.7161466
Top view photography of trees near body of water photo ‚Äì Free Lake tahoe Image on Unsplash,https://unsplash.com/photos/top-view-photography-of-trees-near-body-of-water-hCrWuFLB3IU?utm_source=Start&utm_medium=referral&utm_campaign=api-credit,,"Lake Tahoe, United States",39.0885405,-120.0503528
Snow capped mountain under white clouds in mirror reflection photography photo ‚Äì Free Nature Image on Unsplash,https://unsplash.com/photos/snow-capped-mountain-under-white-clouds-in-mirror-reflection-photography-SmAiLn-nnJg?utm_source=Start&utm_medium=referral&utm_campaign=api-credit,,"Twin Lakes, United States",43.5596779,-93.4229885
Photo by Ferhat Deniz Fors on Unsplash,https://unsplash.com/photos/body-of-water-photo-Ref87M0aSDM,2018.0,,,
Wooden dock over body of water photo ‚Äì Free Switzerland Image on Unsplash,https://unsplash.com/photos/wooden-dock-over-body-of-water-ichHy_4EvUY?utm_source=Start&utm_medium=referral&utm_campaign=api-credit,,,,
montagne du dragon de jade chine - Recherche,https://www.bing.com/spotlight?FORM=M403J9&mkt=fr-fr&q=montagne+du+dragon+de+jade+chine&setlang=fr-fr&spotlightid=JadeDragonSnowMtChina,,,,
Photo by Tanvi Malik on Unsplash,https://unsplash.com/photos/birds-eye-view-of-mountain-and-river-during-daytime-OeC1wIsKNpk,2014.0,,,
Photo by v2osk on Unsplash,https://unsplash.com/photos/gray-and-black-mountain-at-sunset-eKTUtA74uN0,2017.0,,,
Photo by Dahee Son on Unsplash,https://unsplash.com/photos/photography-of-house-beside-body-of-water-tV06QVJXVxU,2017.0,,,
Photo by Urban Vintage on Unsplash,https://unsplash.com/photos/scenery-of-mountain-GyALQFQ9cp4,2014.0,,,
Photo by Levi Bare on Unsplash,https://unsplash.com/photos/photo-of-still-body-of-water-5__JKMn5H_c,2017.0,,,
Photo by Megan Sanford on Unsplash,https://unsplash.com/photos/brown-castle-near-green-field-and-brown-trees-g_ssp9teiSA,2017.0,,,
Photo by Ales Krivec on Unsplash,https://unsplash.com/photos/rock-formation-near-forest-rzzeLJW8dWc,2016.0,,,
Photo by Austin Neill on Unsplash,https://unsplash.com/photos/people-surfing-on-beach-Z6v4dSNayVg,2016.0,,,
Photo by Ales Krivec on Unsplash,https://unsplash.com/photos/brown-mountains-at-daytime-N-aTikX-b00,2015.0,,,
Photo by Aleks Dahlberg on Unsplash,https://unsplash.com/photos/landscape-photography-of-grey-mountain-Vvje-a4hI1k,2017.0,,,
Mountain under gray sky photo ‚Äì Free Austria Image on Unsplash,https://unsplash.com/photos/mountain-under-gray-sky-q_873ymLjS4?utm_source=Start&utm_medium=referral&utm_campaign=api-credit,,,,
Empty pathway towards castle photo ‚Äì Free Castle Image on Unsplash,https://unsplash.com/photos/empty-pathway-towards-castle-kEP-zO-w4nE?utm_source=Start&utm_medium=referral&utm_campaign=api-credit,,,,
Photo by Sergey Pesterev on Unsplash,https://unsplash.com/photos/body-of-water-surrounded-by-pine-trees-at-the-foot-of-snow-covered-mountain-during-daytime--YOvMSD7LbQ,2017.0,,,
Photo by Kimon Maritz on Unsplash,https://unsplash.com/photos/aerial-view-photography-of-mountain-with-snow-jl2T_E4tUyo,2016.0,,,
Photo by Jonathan Gallegos on Unsplash,https://unsplash.com/photos/mountains-covered-with-snow-3MwArYh-7yU,2018.0,,,
Brown mountains at daytime photo ‚Äì Free Mountain Image on Unsplash,https://unsplash.com/photos/brown-mountains-at-daytime-N-aTikX-b00?utm_source=Start&utm_medium=referral&utm_campaign=api-credit,,,,
Sunlight through alp mountain photo ‚Äì Free Mountain Image on Unsplash,https://unsplash.com/photos/sunlight-through-alp-mountain-4yta6mU66dE?utm_source=Start&utm_medium=referral&utm_campaign=api-credit,,,,
aerial photo of brown moutains photo ‚Äì Free Nature Image on Unsplash,https://unsplash.com/photos/JgOeRuGD_Y4?utm_source=Start&utm_medium=referral&utm_campaign=api-credit,,,,
Photo de Pietro De Grandi sur Unsplash,https://unsplash.com/fr/photos/T7K4aEPoGGk,2017.0,,,
Photo by Federico Di Dio photography on Unsplash,https://unsplash.com/photos/bVtBJ-ntnV0,2020.0,,,
Photo by Sinitta Leunen on Unsplash,https://unsplash.com/photos/MwQ9A_UeG_g,2020.0,,,
Photo by Sebastian Pichler on Unsplash,https://unsplash.com/photos/oqFHLfLFtmc,2016.0,,,
Photo by Kelly Repreza on Unsplash,https://unsplash.com/photos/TzHkPqgDHN8,2020.0,,,
Photo by JC Gellidon on Unsplash,https://unsplash.com/photos/AZ4ZqW6lXTE,2020.0,,,
Photo de Jamie Fenn sur Unsplash,https://unsplash.com/fr/photos/gMBrYX4wLLg,2018.0,,,
Photo de Moritz Bastian sur Unsplash,https://unsplash.com/fr/photos/ovFxNk2uxZQ,2018.0,,,
Photo de Riccardo Mion sur Unsplash,https://unsplash.com/fr/photos/eESv3X8PfOc,2018.0,,,
Photo by Stefano Zocca on Unsplash,https://unsplash.com/photos/CGhwhNn-ZMA,2020.0,,,
Photo by Stephen Leonardi on Unsplash,https://unsplash.com/photos/8Ms5q0SQVfw,2022.0,,,
Photo by Dash Kadam on Unsplash,https://unsplash.com/photos/0AFYxaqLCzQ,2020.0,,,
Photo by Adrian Eriksson on Unsplash,https://unsplash.com/photos/dk2qVHTZcTU,2020.0,,,
Photo by Kellen Riggin on Unsplash,https://unsplash.com/photos/NGEFhkVobGY,2022.0,,,
Photo by Deepak Choudhary on Unsplash,https://unsplash.com/photos/V6VqnKAyCLE,2020.0,,,
Photo by Andrew Ruiz on Unsplash,https://unsplash.com/photos/MP_d9SxbOfc,2019.0,,,
Photo by Artem Astashov on Unsplash,https://unsplash.com/photos/rsXR_doLBjA,2020.0,,,
Photo by Mary Ray on Unsplash,https://unsplash.com/photos/aY9mFBcQx3U,2020.0,,,
Photo de Andy Holmes sur Unsplash,https://unsplash.com/fr/photos/fWn5B2aKjYA,2019.0,,,
Photo de Dropped Magazine sur Unsplash,https://unsplash.com/fr/photos/4m6fF-V9U0k,2021.0,,,
Photo de Francesco Ungaro sur Unsplash,https://unsplash.com/fr/photos/BFkdcRhAPXo,2018.0,,,
Photo de Devon Hawkins sur Unsplash,https://unsplash.com/fr/photos/WDAjGgL8s6s,2019.0,,,
Photo de Gilberto Olimpio sur Unsplash,https://unsplash.com/fr/photos/pne-hqt61Hg,2021.0,,,
Photo de Alec Krum sur Unsplash,https://unsplash.com/fr/photos/Y8Xvlz2lP5k,2020.0,,,
Photo by Mehdi MeSSrro on Unsplash,https://unsplash.com/photos/pNqyIWf4XaY,2019.0,,,
white concrete building near body of water during daytime photo ‚Äì Free Isole eolie laghetto di salina Image on Unsplash,https://unsplash.com/photos/OfOe1nU_UWk?utm_source=Start&utm_medium=referral&utm_campaign=api-credit,,,,
Photo by In√©s √Ålvarez Fdez on Unsplash,https://unsplash.com/photos/8k_B_BfBpY4,2017.0,,,
Photo by Azzedine Rouichi on Unsplash,https://unsplash.com/photos/WegzQ1CY7eg,2021.0,,,
Photo by Perry Kibler on Unsplash,https://unsplash.com/photos/03zz73y2Q98,2019.0,,,
Photo by Alessio Soggetti on Unsplash,https://unsplash.com/photos/wH3POmZAsio,2018.0,,,
Photo by Milo Rossi on Unsplash,https://unsplash.com/photos/mI_DXF1KkQ8,2022.0,,,
Photo by sterlinglanier Lanier on Unsplash,https://unsplash.com/photos/tZFHl3QZQQU,2020.0,,,
Photo by Racim Amr on Unsplash,https://unsplash.com/photos/SLZjXWz8YFo,2020.0,,,
Photo by Mahbod Akhzami on Unsplash,https://unsplash.com/photos/NtEgWqUnj-Y,2022.0,,,
Photo by Bernd üì∑ Dittrich on Unsplash,https://unsplash.com/photos/PgqAt8_-PdA,2022.0,,,
Photo by eberhard üñê grossgasteiger on Unsplash,https://unsplash.com/photos/u4RMq06Qg3M,2017.0,,,
Photo by Kellen Riggin on Unsplash,https://unsplash.com/photos/3oX_10TS294,2021.0,,,
Photo by Mih√°ly K√∂les on Unsplash,https://unsplash.com/photos/tK3RHLA0pVo,2020.0,,,
Photo by Jazmin Ali on Unsplash,https://unsplash.com/photos/Xrcx2VINjP8,2017.0,,,
Photo by Francesco Ungaro on Unsplash,https://unsplash.com/photos/Yg64tDZyQHY,2022.0,,,
Photo by Marek Piwnicki on Unsplash,https://unsplash.com/photos/iBVJxyIxeGo,2021.0,,,
Photo by Daniel Se√üler on Unsplash,https://unsplash.com/photos/B91Gz3QNANE,2020.0,,,
Photo by Corinn Suess on Unsplash,https://unsplash.com/photos/abrB3CtVXKU,2023.0,,,
Photo by David Marcu on Unsplash,https://unsplash.com/photos/78A265wPiO4,2016.0,,,
Photo by Lucian Dachman on Unsplash,https://unsplash.com/photos/qxO2PBn7eKU,2019.0,,,
Photo by Lohit Anupindi on Unsplash,https://unsplash.com/photos/8WAWp3zCHzI,2022.0,,,
Photo by Zac Porter on Unsplash,https://unsplash.com/photos/T2wDwrsjTZc,2021.0,,,
Photo by Gabriella Clare Marino on Unsplash,https://unsplash.com/photos/56qwyKidueY,2020.0,,,
Photo by Stefano Borghi on Unsplash,https://unsplash.com/photos/SE01ZMinB6Q,2020.0,,,
Photo by Johnny van der Leelie on Unsplash,https://unsplash.com/photos/h3a7hMonbBI,2019.0,,,
Photo by Nikolai Justesen on Unsplash,https://unsplash.com/photos/dZCtJBQg7-Y,2018.0,,,
Photo by Vidar Nordli-Mathisen on Unsplash,https://unsplash.com/photos/My8MPXtu3Zc,2018.0,,,
Photo by Atul Vinayak on Unsplash,https://unsplash.com/photos/hZioHCEWSAE,2020.0,,,
Photo by mostafa meraji on Unsplash,https://unsplash.com/photos/d-u_9MEiNG4,2021.0,,,
Green trees near lake and snow covered mountain during daytime photo ‚Äì Free Nature Image on Unsplash,https://unsplash.com/photos/green-trees-near-lake-and-snow-covered-mountain-during-daytime-GfQCfixxKNU?utm_source=Start&utm_medium=referral&utm_campaign=api-credit,,,,
Brown rock formation under blue sky photo ‚Äì Free Nature Image on Unsplash,https://unsplash.com/photos/brown-rock-formation-under-blue-sky-CSpjU6hYo_0?utm_source=Start&utm_medium=referral&utm_campaign=api-credit,,,,
Free Architecture Image on Unsplash,https://unsplash.com/photos/bVtBJ-ntnV0?utm_source=Start&utm_medium=referral&utm_campaign=api-credit,,,,
a lake surrounded by mountains and trees photo ‚Äì Free Bluntautal Image on Unsplash,https://unsplash.com/photos/zV6FS2v_yAs?utm_source=Start&utm_medium=referral&utm_campaign=api-credit,,,,
a large group of rocks in the middle of a forest photo ‚Äì Free Utah Image on Unsplash,https://unsplash.com/photos/vAfHuFAxS3A?utm_source=Start&utm_medium=referral&utm_campaign=api-credit,,,,
Free Nature Image on Unsplash,https://unsplash.com/photos/T_Qe4QlMIvQ?utm_source=Start&utm_medium=referral&utm_campaign=api-credit,,,,
Photo by Janis Fasel on Unsplash,https://unsplash.com/photos/snow-covered-mountain-during-daytime-0TvsqeCebkQ,2020.0,,,
Photo by Pavel Keyzik on Unsplash,https://unsplash.com/photos/a-large-body-of-water-surrounded-by-mountains-3cRY2JBuYMs,2023.0,,,
Photo by Iman Gozal on Unsplash,https://unsplash.com/photos/cloud-formations-3vqMEeKUfq0,2019.0,,,
Photo by Harri P on Unsplash,https://unsplash.com/photos/a-person-standing-in-the-middle-of-a-snow-covered-field-xbcAY5MYKRw,2023.0,,,
Photo by Zongnan Bao on Unsplash,https://unsplash.com/photos/white-and-brown-house-on-green-grass-field-near-gray-rocky-mountain-under-white-cloudy-sky-68GOUCjE6Z0,2021.0,,,
Photo by Yannes Kiefer on Unsplash,https://unsplash.com/photos/a-mountain-range-with-a-lake-in-the-foreground-Gjdv7r62OLA,2021.0,,,
Photo by Federico Di Dio photography on Unsplash,https://unsplash.com/photos/brown-rock-formation-near-body-of-water-during-daytime-a1juGVInn5U,2020.0,,,
Photo by Anmol Arora on Unsplash,https://unsplash.com/photos/person-in-green-jacket-and-pink-pants-lying-on-brown-wooden-boat-on-lake-during-daytime-fSs7jp_rx0w,2021.0,,,
Photo by Federico Di Dio photography on Unsplash,https://unsplash.com/photos/a-castle-perched-on-top-of-a-lush-green-hillside-VwIY7ZPLjtc,2021.0,,,
Photo by Marek Piwnicki on Unsplash,https://unsplash.com/photos/a-mountain-range-with-clouds-and-a-rainbow-in-the-sky-2W7GMDQGuzI,2022.0,,,
Photo by Adrihani Rashid on Unsplash,https://unsplash.com/photos/brown-cliff-near-body-of-water-under-eblue-sky-fTkNnftidCU,2017.0,,,
Photo by Felix Bacher on Unsplash,https://unsplash.com/photos/mountains-during-blue-hour-FkSHP7t8mCg,2018.0,,,
Photo de Lucas Davies sur Unsplash,https://unsplash.com/fr/photos/homme-alpinisme-pendant-la-journee-eoaim05D5bM,2018.0,,,
Photo by EJ Wolfson on Unsplash,https://unsplash.com/photos/white-and-brown-concrete-buildings-on-mountain-fPyaAWLmAh4,2020.0,,,
Photo by Michael Olsen on Unsplash,https://unsplash.com/photos/trees-near-hill-under-clear-blue-sky-at-daytime-nhIxIGuU_84,2018.0,,,
Photo by Matteo Vella on Unsplash,https://unsplash.com/photos/R0IocwcZQk8,2021.0,,,
Photo by Tristan Pineda on Unsplash,https://unsplash.com/photos/aerial-photo-of-forest-i22oV5D6JNk,2018.0,,,
Photo by Willian Justen de Vasconcellos on Unsplash,https://unsplash.com/photos/aerial-photography-of-town-in-the-middle-of-the-desert-HfLYdUePGyc,2018.0,,,
Photo by Daniel Se√üler on Unsplash,https://unsplash.com/photos/brown-and-white-house-on-white-snow-covered-field-during-daytime-IMXhx6qhvf0,2020.0,,,
Photo by Oskar Kadaksoo on Unsplash,https://unsplash.com/photos/a-snow-covered-mountain-with-trees-in-the-foreground-eINeHz9PTn0,2023.0,,,
Photo by Nick Night on Unsplash,https://unsplash.com/photos/a-large-rock-cliff-alt1zhl1eQg,2022.0,,,
Photo by Marek Piwnicki on Unsplash,https://unsplash.com/photos/a-mountain-with-clouds-v5YWlOL906I,2022.0,,,
Photo by Andy Holmes on Unsplash,https://unsplash.com/photos/trees-beside-lake-4GmWWc3kc2o,2019.0,,,
Photo by Sophie Laurent on Unsplash,https://unsplash.com/photos/mq6wSXB8o4U,2017.0,,,
Photo by Marek Piwnicki on Unsplash,https://unsplash.com/photos/a-person-flying-a-kite-on-top-of-a-mountain-IEi7lWx7XiA,2023.0,,,
Photo by Daniel Se√üler on Unsplash,https://unsplash.com/photos/snow-covered-mountain-under-blue-sky-during-daytime-YP29ocABzIQ,2020.0,,,
Photo by Ivan Torres on Unsplash,https://unsplash.com/photos/ocean-waves-crashing-on-shore-during-daytime-PAUfr9aYmYM,2020.0,,,
Photo by James Eades on Unsplash,https://unsplash.com/photos/snow-covered-mountain-ZsDYzi7ynZI,2019.0,,,
Photo by Hayden Scott on Unsplash,https://unsplash.com/photos/ocean-photography-pWXY-5u2zFU,2019.0,,,
Photo by Riccardo Chiarini on Unsplash,https://unsplash.com/photos/mirror-photography-of-mountain-and-trees-near-body-of-water-2VDa8bnLM8c,2017.0,,,
Photo by NEOM on Unsplash,https://unsplash.com/photos/a-man-climbing-up-the-side-of-a-mountain-85ey1vFIwkc,2023.0,,,
Photo by eberhard üñê grossgasteiger on Unsplash,https://unsplash.com/photos/a-snow-covered-mountain-with-a-sky-background-zaBHHH94pA4,2021.0,,,
Photo by Marek Piwnicki on Unsplash,https://unsplash.com/photos/a-snow-covered-mountain-with-clouds-in-the-background-2um8kcfmOLc,2023.0,,,
Photo by James Wheeler on Unsplash,https://unsplash.com/photos/mountain-reflection-on-body-of-water-ZOA-cqKuJAA,2018.0,,,
Photo by Francesco Ungaro on Unsplash,https://unsplash.com/photos/a-rocky-mountain-with-trees-GRYwNIkvJls,2022.0,,,
Photo by Marek Piwnicki on Unsplash,https://unsplash.com/photos/snow-covered-mountain-during-daytime-QUv_8Th2jZA,2021.0,,,
Photo by Kilian Karger on Unsplash,https://unsplash.com/photos/2-person-sitting-on-snow-covered-mountain-during-daytime-DxEVzwJGzCI,2020.0,,,
Photo by Daniel Ferrandiz Mont on Unsplash,https://unsplash.com/photos/kirkjufellfoss-in-iceland-covered-with-snow-during-daytime-8KunDFgS9Ik,2019.0,,,
Photo by Philipp Pilz on Unsplash,https://unsplash.com/photos/aerial-photography-of-mountain-range-ByIuHYRmokg,2018.0,,,
Photo by ≈†tefan ≈†tefanƒç√≠k on Unsplash,https://unsplash.com/photos/landscape-photography-of-mountain-ranges-under-purple-and-pink-skies--g7axSVst6Y,2016.0,,,
Photo by NEOM on Unsplash,https://unsplash.com/photos/a-man-climbing-up-the-side-of-a-canyon-6NV2_KTTJDs,2023.0,,,
Photo by kilarov zaneit on Unsplash,https://unsplash.com/photos/rpoDj1l_XvA,2020.0,,,
Photo by Faruk Kaymak on Unsplash,https://unsplash.com/photos/P_Ne56WEe5s,2019.0,,,
Photo by Cristina Gottardi on Unsplash,https://unsplash.com/photos/mountains-at-golden-hour-wndpWTiDuT0,2017.0,,,
Photo by sayid he on Unsplash,https://unsplash.com/photos/landscape-photography-of-lake-and-mountains-rsvaefdQ7G4,2016.0,,,
Green forest with clouds during golden hour photo ‚Äì Free Landscape Image on Unsplash,https://unsplash.com/photos/green-forest-with-clouds-during-golden-hour-3Ku0e3k9qXU?utm_source=Start&utm_medium=referral&utm_campaign=api-credit,,,,
Gray asphalt road in between rock mountains photo ‚Äì Free Romania Image on Unsplash,https://unsplash.com/photos/gray-asphalt-road-in-between-rock-mountains-pI5-_uTxdAI?utm_source=Start&utm_medium=referral&utm_campaign=api-credit,,,,
Photo by Drew Farwell on Unsplash,https://unsplash.com/photos/person-riding-a-wave-using-a-surfboard-haCxHJ0gdzE,2018.0,,,
Rocky mountain photo ‚Äì Free Nature Image on Unsplash,https://unsplash.com/photos/rocky-mountain-i_0do3VRdxs?utm_source=Start&utm_medium=referral&utm_campaign=api-credit,,,,
Snow-covered mountains under clear sky during daytime photo ‚Äì Free Nature Image on Unsplash,https://unsplash.com/photos/snow-covered-mountains-under-clear-sky-during-daytime-IuSemNxGS88?utm_source=Start&utm_medium=referral&utm_campaign=api-credit,,,,
Photo by John Fowler on Unsplash,https://unsplash.com/photos/brown-mountain-5bv-_tIwHFk,2019.0,,,
Photo by Clay Knight on Unsplash,https://unsplash.com/photos/photo-of-man-on-top-of-mountain-during-daytime-Rdut9-JPQuQ,2017.0,,,
Photo by Federico Beccari on Unsplash,https://unsplash.com/photos/water-fountain-near-concrete-bridge-and-surrounded-of-trees-at-daytime-A_sPH7HgIXY,2018.0,,,
Photo by Luca Bravo on Unsplash,https://unsplash.com/photos/sunlight-through-alp-mountain-4yta6mU66dE,2017.0,,,
Photo by Chad Peltola on Unsplash,https://unsplash.com/photos/top-view-of-mountain-comjArgHF4Y,2018.0,,,
A white dog sitting on a rock formation near a large mountain pond. photo ‚Äì Free Animal Image on Unsplash,https://unsplash.com/photos/a-white-dog-sitting-on-a-rock-formation-near-a-large-mountain-pond-915UJQaxtrk?utm_source=Start&utm_medium=referral&utm_campaign=api-credit,,,,
Photo by Braden Jarvis on Unsplash,https://unsplash.com/photos/aerial-photography-of-green-mountain-beside-body-of-water-under-white-sky-prSogOoFmkw,2017.0,,,
Photo by Johnny Li on Unsplash,https://unsplash.com/photos/brown-rocky-mountain-under-blue-cloudy-sky-during-daytime-VVAQQQYFqRE,2017.0,,,
Photo by Nirzar Pangarkar on Unsplash,https://unsplash.com/photos/beige-concrete-house-on-grass-fields-InHDUTOpA-s,2016.0,,,
Flock of birds flying above snow covered mountain during daytime photo ‚Äì Free Queenstown Image on Unsplash,https://unsplash.com/photos/flock-of-birds-flying-above-snow-covered-mountain-during-daytime-O75aJKVTab4?utm_source=Start&utm_medium=referral&utm_campaign=api-credit,,,,
Photo by Alexander Sinn on Unsplash,https://unsplash.com/photos/white-and-brown-houses-near-ocean-water-and-mountains-covered-with-green-leafed-tress-landscape-photography--yOZe-6UT1w,2017.0,,,
Photo by Manny Moreno on Unsplash,https://unsplash.com/photos/brown-mountain-near-body-of-water-under-cloudy-sky-during-daytime-mEUw1mRqqPs,2020.0,,,
Photo by Matteo Bellia on Unsplash,https://unsplash.com/photos/a-small-village-on-the-shore-of-a-lake-oGRMmXlfBPg,2022.0,,,
Photo by Nuno Antunes on Unsplash,https://unsplash.com/photos/mountain-covered-by-fog-UANyX_SxgeQ,2018.0,,,
Photo by Wolfgang Hasselmann on Unsplash,https://unsplash.com/photos/white-concrete-building-near-body-of-water-during-daytime-Kwyl5wAAvKI,2020.0,,,
Photo by Jan Brennenstuhl on Unsplash,https://unsplash.com/photos/a-mountain-range-with-a-snow-covered-peak-ai7Sk3-EbvY,2022.0,,,
Photo by Tanya Paquet on Unsplash,https://unsplash.com/photos/brown-and-white-mountains-beside-lake-during-daytime-eHKXwG3HY2s,2021.0,,,
Photo by Marek Piwnicki on Unsplash,https://unsplash.com/photos/a-canyon-with-a-mountain-in-the-background-dsyNsYNhX9w,2022.0,,,
Photo by Vikas Anand Dev on Unsplash,https://unsplash.com/photos/body-of-water-beside-mountain-afmEpelm3C8,2016.0,,,
Body of water with green mountains during daytime photo ‚Äì Free Mountains Image on Unsplash,https://unsplash.com/photos/body-of-water-with-green-mountains-during-daytime-hgxr9EbYZP0?utm_source=Start&utm_medium=referral&utm_campaign=api-credit,,,,
A view of a mountain range covered in fog photo ‚Äì Free Scenery Image on Unsplash,https://unsplash.com/photos/a-view-of-a-mountain-range-covered-in-fog-1q9DdwR25Pk?utm_source=Start&utm_medium=referral&utm_campaign=api-credit,,,,
Photo by Andrew Svk on Unsplash,https://unsplash.com/photos/a-car-with-a-roof-rack-on-the-back-of-it-driving-down-a-dirt-road-pUiN_mxCT94,2021.0,,,
Photo by Ashish Kumar Senapati on Unsplash,https://unsplash.com/photos/a-small-white-house-on-top-of-a-mountain-3ERgPQZn3x8,2023.0,,,
A group of trees in front of a snow covered mountain photo ‚Äì Free Wallpaper Image on Unsplash,https://unsplash.com/photos/a-group-of-trees-in-front-of-a-snow-covered-mountain-ylLeiuNz6XM?utm_source=Start&utm_medium=referral&utm_campaign=api-credit,,,,
Photo by Gaurav Pikale on Unsplash,https://unsplash.com/photos/green-grass-covered-hill-near-body-of-water-gEHQe61ZGvk,2020.0,,,
Photo by Franz Michael Schneeberger on Unsplash,https://unsplash.com/photos/houses-near-lake-and-mountain-1tjwNunfq7w,2021.0,,,
Photo by Marek Piwnicki on Unsplash,https://unsplash.com/photos/a-mountain-range-covered-in-clouds-and-mist-jz3F2GhuJsY,2023.0,,,
Photo by Marek Piwnicki on Unsplash,https://unsplash.com/photos/a-group-of-mountains-covered-in-snow-under-a-cloudy-sky-6Uq0Qr9ZLE0,2023.0,,,
Photo by Stefano Bucciarelli on Unsplash,https://unsplash.com/photos/a-view-of-a-valley-with-a-lake-in-the-middle-of-it-D4U8pJF19nI,2024.0,,,
Photo by Bradley Singleton on Unsplash,https://unsplash.com/photos/green-trees-on-brown-rocky-mountain-during-daytime-56hLJi7Psx0,2020.0,,,
Photo by Derrick Cooper on Unsplash,https://unsplash.com/photos/brown-road-in-forest-during-daytime-L505cPnmIds,2017.0,,,
Photo by Yan Liu on Unsplash,https://unsplash.com/photos/white-and-brown-concrete-building-near-body-of-water-during-daytime-qvKfV9aurcw,2020.0,,,
Photo by Dmitrii Rogov on Unsplash,https://unsplash.com/photos/a-mountain-covered-in-snow-under-a-cloudy-sky-tkuoi33PDk0,2022.0,,,
Photo by Patrick Robert Doyle on Unsplash,https://unsplash.com/photos/brown-concrete-tower-on-body-of-water-during-daytime-fjBhw2VFzxY,2019.0,,,
Photo by Stefano Zocca on Unsplash,https://unsplash.com/photos/brown-rocky-mountain-under-cloudy-sky-during-daytime-CGhwhNn-ZMA,2020.0,,,
Photo by Brennan Burling on Unsplash,https://unsplash.com/photos/brown-mountains-vpaHZEYx35U,2019.0,,,
Photo by V√≠ctor Mart√≠n on Unsplash,https://unsplash.com/photos/a-winding-road-in-the-middle-of-a-mountain-range-XzO9dyhFK2U,2021.0,,,
Photo by Nick Fewings on Unsplash,https://unsplash.com/photos/city-beside-body-of-water-kMPy9wQujzk,2018.0,,,
Photo by Ouael Ben Salah on Unsplash,https://unsplash.com/photos/green-trees-near-mountain-under-cloudy-sky-during-daytime-MYLiXtBYWtk,2020.0,,,
Photo by Filipe Louren√ßo Marques on Unsplash,https://unsplash.com/photos/mountains-covered-with-clouds-QZN1qFtl2go,2018.0,,,
Photo by Ethan Dow on Unsplash,https://unsplash.com/photos/vehicle-surrounded-by-mountain-qMoyLE98Obk,2018.0,,,
Photo by Nunzio Guerrera on Unsplash,https://unsplash.com/photos/a-mountain-is-reflected-in-the-still-water-of-a-lake-9HnW4qYFE0o,2023.0,,,
Photo by Ross Stone on Unsplash,https://unsplash.com/photos/a-snow-covered-mountain-range-in-the-desert-O7aYHd_UZ0E,2023.0,,,
Photo by Michelle Spollen on Unsplash,https://unsplash.com/photos/island-surround-by-green-sea-under-cloudy-sky-dC2FsjoXsPQ,2019.0,,,
Photo by Marek Piwnicki on Unsplash,https://unsplash.com/photos/a-snow-covered-mountain-with-a-pink-sky-in-the-background-1b6llrdAIeU,2023.0,,,
Photo by Ben Karpinski on Unsplash,https://unsplash.com/photos/brown-and-gray-rocky-mountain-under-gray-clouds-Ui27uImsLTo,2020.0,,,
Photo by Arran Witheford on Unsplash,https://unsplash.com/photos/a-small-island-in-the-middle-of-the-ocean-surrounded-by-clouds-VHXwisVksgw,2022.0,,,
Photo by Marek Piwnicki on Unsplash,https://unsplash.com/photos/a-yellow-bike-with-a-backpack-strapped-to-the-back-of-it-0u3zMxtK6qc,2023.0,,,
Photo by Lohit Anupindi on Unsplash,https://unsplash.com/photos/a-large-body-of-water-surrounded-by-mountains-UKTeAWwT3gI,2022.0,,,
Photo by Ilia Bronskiy on Unsplash,https://unsplash.com/photos/a-snowy-mountain-range-6pDLA8ieviw,2022.0,,,
Photo by Gantavya Bhatt on Unsplash,https://unsplash.com/photos/a-snow-covered-mountain-with-a-lake-in-the-foreground-M2ZTOoe3Qzc,2023.0,,,
Photo by Jared Lisack on Unsplash,https://unsplash.com/photos/oIWck58PupA,2020.0,,,
Photo by Marita Kavelashvili on Unsplash,https://unsplash.com/photos/aerial-photo-of-green-trees-ugnrXk1129g,2018.0,,,
Photo by Gantavya Bhatt on Unsplash,https://unsplash.com/photos/a-mountain-range-with-a-lake-in-the-foreground-oXUClTxxVFQ,2024.0,,,
Photo by Thibault Mokuenko on Unsplash,https://unsplash.com/photos/a-couple-of-people-riding-surfboards-on-top-of-a-body-of-water-q5Fbak7zFUE,2022.0,,,
Photo by boris misevic on Unsplash,https://unsplash.com/photos/mountain-covered-by-snow-under-cumulus-clouds-LNbAjY9gWxI,2019.0,,,
Photo by Vitor Rossetto on Unsplash,https://unsplash.com/photos/the-sun-is-setting-on-the-beach-near-the-water-e8kDyZKECNM,2024.0,,,
Photo by Daniele Franchi on Unsplash,https://unsplash.com/photos/brown-and-black-mountains-under-white-sky-during-daytime-YGzfNkUl9gM,2020.0,,,
Photo by Marek Piwnicki on Unsplash,https://unsplash.com/photos/a-group-of-mountains-in-the-distance-with-a-sky-background-5MVnLlI3Flg,2023.0,,,
Photo by Katie Drazdauskaite on Unsplash,https://unsplash.com/photos/birds-eye-view-photography-of-ocean-IyAmVX9y8Iw,2018.0,,,
Photo by Mary Ray on Unsplash,https://unsplash.com/photos/body-of-water-near-mountain-under-blue-sky-during-daytime-DKI4V6i4npI,2020.0,,,
Photo by Kevin Wang on Unsplash,https://unsplash.com/photos/a-view-of-the-grand-canyon-from-a-plane-EuTlfLqYWp8,2024.0,,,
Photo by Marek Piwnicki on Unsplash,https://unsplash.com/photos/a-mountain-covered-in-snow-with-a-sky-background-EH99tDlejzo,2023.0,,,
Photo by Colin Watts on Unsplash,https://unsplash.com/photos/green-mountains-under-blue-sky-during-daytime-lj346iue1xQ,2018.0,,,
Photo by Milo Rossi on Unsplash,https://unsplash.com/photos/a-large-rocky-cliff-with-a-lake-below-mI_DXF1KkQ8,2022.0,,,
Photo by omid armin on Unsplash,https://unsplash.com/photos/the-sun-is-setting-over-a-mountain-range-z41cKEDOlxc,2024.0,,,
